,text,label
0,The way every man feels when a woman is driving,1
1,Women yes it's a woman,1
2,I dont' understand, this car has 3 pedals and I only have 2 legs,1
3,They said I didn't belong in the garage so I brought the garage to the kitchen,1
4,Women drivers it's the only possible explanation,1
5,I think it was a she,1
6,Women first they crash you car, and then they take pictures for Facebook,1
7,This is your car after it was driven by a woman,1
8,Women drivers. I bet the boat just jumped out in front of you.,1
9,respect me women,1
10,My dick My girlfriend,1
11,When the whole squad see an ice cream truck during summer,1
12,It was just too big,1
13,Women men Happy International Women's Day,1
14,Happy women's day,1
15,Australia's national women's soccer team lose 7-0 to an under fifteen boys' side - Back to the kitchen,1
16,Car salesman , roof of car,1
17,Select all squares containing a dishwasher,1
18,"Feminist logic - ""If we use proof in rape cases, we fall into the patterns of rape deniers"" Emma Sulkowicz 2015 - now ask yourself a simple question... does this sound like gender equality to you?",1
19,Rape culture: it's what every oxymoronic feminist is wearing this year,1
20,divorce court, spin the wheel?,1
21,What does it take to be attractive? women: not fat men: hot body, good job, hot body, lots of money, clean, nice clothes, smells good, lots of money, dad material, confident, lots of money, nice hair, lots of money, hot body,1
22,If period products oppress women why do women advertise them?,1
23,Gender equality in 1917: Julie didn't get to go to university. John didn't get to live.,1
24,"""I'm such a gamer"", plays Angry Birds",1
25,"The reason I preach ""Christianity. My daughters represent the right. Taylor Swift's vagina represent the left.",1
26,Men & women on social netoworks. Hot girl likes per day 800-1000 Hot dude likes per day: 100-200 Average Jane likes per day: 20-30 Average Joe likes per day: 0-1. Men, it's time to stop liking or giving females attention on social network or in life unless they acknowledge you first. Let them like you first. make them work for your attention. stop being easy.,1
27,Goes to the moon takes 5 photos. Goes to the toilet takes 2.2478 photos,1
28,Internet, opinions, help misogyny!,1
29,I'm a nerd. Calm down, you're just a whore who found glasses.,1
30,Can a woman make you a millionaire?Yes! If you are a billionaire.,1
31,Postfeminism. Beacuse being a housewife was too degrading.,1
32,Reality. No matter how good she looks right now, somebody, somewhere is tired of putting up with  her shit.,1
33,W.I.F.E. washing, ironing,  fucking etc,1
34,woman's logic.Bikini? no problem. Underwear?OMG Don't look!,1
35,My body, my choice, your money,1
36,"""There's the kitchen and there's the bedroom"" Beacuse trying to teach her anything else would just be cruel.",1
37,Hi, ho. what are you doing? Nothing babe, just women stuff.You crashed the car again?,1
38,What's the difference between me and a mosquito? A mosquito will stop sucking after you slap it,1
39,What they bout 2 do? Wrong answers only...,1
40,1/3 of women are physically abused. 2/3 of men aren't doing their job,1
41,Nice job ladies. Now back to work. Coffee doesn't make itself.,1
42,A day without a woman yesterday, Today: because they're not going to wash themself,1
43,What they see... A day without a woman: wear red in solidarity , do not engage in paid & unpaid work,  avoid spending money. A day without sandwiches, what we see.,1
44,What do you me a day without women? Who's going to make my sandwich?,1
45,I'm a 100% for a day without women when they leave their jobs i would fire their ass so then can go back to the kitchen where they belong ,1
46,This day without women is bullshit!,1
47,you Rape her, she knows she asked for it.,1
48,I respect women who obey the greater sex,1
49,What's that woman doing out of the kitchen? Walking to the laundry?,1
50,Crikey! Check out that beautiful creature in her natural habitat!,1
51,I like my violence like i like my beer. Domestic,1
52,We talked about it, i agreed dinner would be ready on time in the future,1
53,I'm just not happy being with you. Falcon punch!,1
54,Bitches be like, It was my fault i made him mad,1
55,Women oppressed, women liberated,1
56,haha, they think we're going to prom,1
57,Female excuses for not having sex:  i've got a headache, I'm on my period, Please stop i don't even know you, I'm only 12.,1
58,How other people flirt, how i flirt,1
59,Scientists have discovered that there is intelligent DNA in a lot of women. Unfortunately, most of them spit it out.,1
60,Women aren't objects? False.An object is anything that has mass and takes up space.,1
61,Supports women's right to choose which room to clean first.,1
62,When you show her how much respect for women you have. It's so fucking big.,1
63,This is like so traumatizing, a little more to left,1
64,Tonight i will cum tomorrow he will go to jail lol,1
65,if the fist does not fit you must acquit,1
66,taking the time to get her pussy wet always practice proper rape etiquette,1
67,A little bit to right.. done. A little to the left.. done. a little forward.. done. A little behind.. done.,1
68,Get me 2 slices with pepperoni, getting raped makes me hungry,1
69,They say a woman's work is never done maybe that's why they get paid less,1
70,Complains about gender equality, gets mad when her boyfriend hits her,1
71,I'm not sexist. sexism is wrong and being wrong is for women,1
72,i don't mean to be sexist,but i think it's so cute when a woman voices her opinion like it matters,1
73,don't wrap it and tap it. tape her and rape her,1
74,offsides. back to your kitchen,1
75,you say you got pregnant for a rape?that just means you enjoyed it,1
76,she put me in the friend zone, so i put her in the rape zone.,1
77,if you cant handle him at his worst, you don't deserve him at his best.,1
78,It's not rape if they're dead,1
79,Best thing about date rape? The raping,1
80,There are a spectrum of genders.There are 2 genders. There is 1 gender, women are objects.,1
81,A true woman. She rightfully defends her territory .. the kitchen.. now..stop playing around and make me a sammich!,1
82,You see that? Its a kitchen. Get the fuck back in it.,1
83,National Association of women drivers meeting be there this weekend.,1
84,Woman Astronaut. Because sandwiches won't make themselves up there.,1
85,There's only one gender because women are objects.,1
86,Circumcision. If circumcision is alright, because the child won't remember it, then is date rape alright as well?,1
87,Date rape in 4.. 3.. 2..,1
88,Respect, Me, Women What time is it? It's time to respect women,1
89,What the guys can expect for the world cup Italy Germany USA Korea Portugal Brazil Argentina England,1
90,women's world cup?ain't nobody got time for that,1
91,PL season is over, nothing but women's world cup this summer..,1
92,women's sports: urban dictionary -> fictional, a myth, a joke, a novelty. if girls played sports, they'd have to leave the kitchen.,1
93,wanna hear a joke? Women's soccer,1
94,Don't treat women like objects. Objects are useful and have value, unlike women.,1
95,All women have a rape fantasy so just do it without asking.,1
96,So you're one of those women that think speed walking is a sport..why dont you speedwalk to the fridge and get me a beer,1
97,If you're seeing this it's too late.,1
98,She sad i did what? how would she know, she was asleep,1
99,Am i the only one who thinks women who falsely accuse men of rape should serve the same sentence  they tried to steal years of his life away with? ,1
100,Not now woman. I'm busy,1
101,Silly women, rights are for men,1
102,It wasn't rape, she was sleep,1
103,Girls never say no to me thank god for date rape drug,1
104,Roses are red, violets are twisted, bend over bitch you're about to get fisted ,1
105,Why can't women drive? there's not a road to the kitchen.,1
106,A good woman can make the sandwich & has the ability to fit the whole thing in her mouth,1
107,is a girl gamer doesn't try to whore herself out for attention,1
108,Is girlfriend, also makes dinner,1
109,Back to the kitchen,1
110,The kitchen, is that way,1
111,Go back to the kitchen,1
112,You gave it your best shot honey, now back to the kitchen and make me a sandwich,1
113,Silly woman, that's not the kitchen,1
114,That's the last time you escape the kitchen, woman,1
115,I believe Hillary Clinton should go back to the kitchen,1
116,Chill woman, go back to the kitchen,1
117,Here's one that tried to escape from the kitchen,1
118,Who run the world? Girls. No Beyonce, they run the kitchen,1
119,Her first time outside the kitchen.,1
120,What do the highest paid women in the WNBA make? Sandwiches!,1
121,I beat women, not animals.,1
122,If women want equal pay, they should do equal work.Any job that requires physical labor.,1
123,Them girls that say they mainly have guy friends cus they don't trust girls.,1
124,Respect for women.. get in the kitchen, bitch,1
125,I like to beat women and then rape them,1
126,Women's curling, so that women don't forget how to mop.,1
127,It's not date rape if y'all not dating I'm offended...,1
128,If a woman ever pulls a knife on you,just pull out 2 slices of bread, her womanly instincts will kick in and she will make you a sandwich,1
129,The Bible. It says you need to get in the kitchen and make me a sandwich.,1
130,Sandwich. Don't make me tell you twice woman,1
131,Women in the air force. Cleaning our planes and making our sandwiches.,1
132,Ugly women. Natures condom.,1
133,Peace and quiet. It's the only way,1
134,You B**ch of a son, stop treating objects like women.,1
135,Is google a man or woman? Obviously a woman because it won't let you finish your sentence before coming up with suggestions.,1
136,Respect, me, Women,1
137,Select all squares with objects,1
138,Hello prince! Will you rape me and live happily ever after with me?,1
139,Stupid bitch that's not how you make a sandwich.,1
140,shh.. do you hear that? That's the sound of a sandwicht not being made.,1
141,I have no idea what i'm doing,1
142,Woman driving? Challenge accepted!,1
143,You're letting her drive!?,1
144,Womens 400m vacuum,1
145,Why do blondes always want boob jobs? Beacuse it's the only job they are qualified for.,1
146,Woman cause these samiches ain't gonna make themselves.,1
147,Women deserve equal rights and lefts,1
148,Annual meeting of women drivers!,1
149,Respect applicator, women pellets, women, me How i respect women.,1
150,Here's your women's right you fucking whores,1
151,Breaking News live Women leaves kitchen,1
152,She put me in the friend zone, i put her in the rape zone,1
153,What if i told you the other pill was a date rape drug,1
154,Back in my day we never went to a bar to meet women.. we went to a kitchen.,1
155,Went to war for the dick, lost my voice for the dick, became a bum for the dick, broke curfew for the dick, sold my soul for the dick, learned to speak gorilla for the dick,1
156,Disney taught me men love women who don't speak,1
157,Finally! A woman in a Disney movie who knows her job,1
158,Dish washing machine, woman,1
159,I am equal with men. Now would you please pay the bill?,1
160,You need to treat me as an equal Ok bro,1
161,International Women's Day, bitch please,1
162,Silly women, the girls think we want them at work,1
163,I am a strong independent woman until something heavy needs to be lifted,1
164,I got the promotion, all i had to do was bend over backwards to get the job done,1
165,Manual, just because you've read it doesn't mean your wife has,1
166,There's two types of women,1
167,Well, laundry is women's work,1
168,I like my women how I like my eggs. Well beaten,1
169,It's not rape if she really didn't want to, she'd have said something,1
170,Win her over with Chloroform chloroform. The way real men get the girl,1
171,Respecting women, sounds good doesn't work,1
172,From this point on all your opinions are rejected. Women know your place,1
173,Women astronauts because the shuttle wont clean itself,1
174,If a woman watches a movie alone, who answers all her questions?,1
175,Domestic violence. Because sometimes you have to tell her more than once.,1
176,Sandwiches you're doing them wrong,1
177,Twinkle twinkle little star I will rape you in your car,1
178,Women are good for 70 things. Sandwich and 69,1
179,Shhhhh it's okay, you've been preparing for this your whole life,1
180,Me respect women I'll treat you right,1
181,What makes you think we're having sex tonight I'm stronger than you,1
182,Curling has taught me that women love to intensely clean the floor.,1
183,What do you say to a woman with two black eyes? Nothing, you already told her twice!,1
184,Chris Brown's Greatest Hits,1
185,90% of women's exercise,1
186,Being somewhere and wondering, am I the only one here who isn't a slut?,1
187,A woman's work is never done. Which is probably why they don't make as much.,1
188,Women,1
189,When your mom bout to hit your ass and your dad comes and beats the shit out of her,1
190,Maybe you shouldn't kiss your golf trophy in public,1
191,October is domestic violence month. Go home and show her who's boss,1
192,come on honey i hate to use the bathroom, fuck off, what are you doing anyway? just women stuff. Women stuff in the bathroom,1
193,You can beat her this much,1
194,Women's ice hockey should be removed from the list of olympic sports. They are just a bunch of club amateurs, who have not put in anywhere close the amount of hours in their sport than everyone else at the Olympics have.,1
195,Those women are too ugly for me to molest,1
196,Girls are just as tough as boys. You can't hit me I'm a girl!,1
197,Women don't know what they want until they see what another woman has,1
198,Walk on street dressed like that, complains that can't find a respectful man,1
199,Lets other women fondle breasts in changing room, accuses man of sexual harassment for touching her arm,1
200,"Be a bitch and tell a man to ""enjoy his hand"", doesn't realize a man's hand will pleasure him, make him a sandwich, and never talk back",1
201,I want a real man in my life. Wears tons of makeup, is a fake friend, has a fake personality, is not straight talk,1
202,Demand perfection in men. Hide zits and moles with 3 inches of make up.,1
203,Woman, fuck logic,1
204,Not a sexual object. Uses sex as leverage,1
205,I'm a woman and I have rights lol,1
206,I have tits, give me free stuff,1
207,Women scientists,1
208,I like my girls like I like my wine. Locked in a basement for 27 years and made by myself.,1
209,I like my women like I like my eggs: white, extra large, and able to take a beating,1
210,Employers should give women flexible work hours so they have the time to make me a sandwich,1
211,I think you are the best man ever You liar, women don't think!,1
212,Maybe I should approach this calmly and rationally - said no woman ever,1
213,Over 68,000 single women starve to death every year,1
214,The proper way to hug your girl #RespectWomen. Respect dishwashers.,1
215,Not sure if women like taking boiling hot showers because they like to feel warm or because it reminds them of hell, where they came from...,1
216,Now in stock brand new dishwashers, sandiwch makers, and bed warmers! Lots of colors, makes and models to choose from! Hurry for the best selection!,1
217,If a dishwasher wore pants, would it wear them...like this or like this?,1
218,"""No mere men can kill me"" ""We are no mere men"" ""What are they gonna do? Accuse him of sexual assault?""",1
219,When you go back to work and work with mostly women. Hey there demons. It's me, ya boy,1
220,Him:the dishwasher is acting weird. Her: what it's doing. Him:chopping fucking vegetables,1
221,Face you make when someone says they only like skinny woman WTF...wrong with you...Didn't you know bones was for dogs,1
222,How a woman tells society she's single,1
223,Men age like wine women age like cheese...,1
224,Females. Get them while they are young.,1
225,"""Women should be treated equally in the workplace!"" ""I'm not moving those fucking boxes. That's men work!""",1
226,Why am I so stupid? Oh right, I'm a woman,1
227,We can do it but if it involves getting dirty/wet/tired...men can do it,1
228,Thor's younger sister Whor,1
229,Men cooking...because the last generation of mothers didn't teach their daughters shit,1
230,If God wanted you to put your talents to work, he would have made you men.,1
231,I don't always hit women but when I do, they deserve it,1
232,Taylor Swift? More like...Taylor-Swift-to-be-with-every-guy,1
233,Girls did you know...that uhm, your boobs go under your shirt,1
234,The perfect woman Exhibit A,1
235,Women driving a car ends badly,1
236,There are two kind of girls on Halloween,1
237,2016 Honey I found a picture of your grandmother 2090 Honey I found a picture of your grandmother,1
238,And just like that...this sandwich maker doubles as an ironing board,1
239,Next time don't get pregnant,1
240,A man's shirt on the female body is like a flag on a conquered fortress,1
241,Let me give you an advice about women: yell loud enough and tits will fly into your mouth,1
242,I'm noy saying she's a slut but...her favorite shade of lipstick is penis,1
243,Damn woman where is my goddamn cup of tea,1
244,Yeah I believe God is a woman. Only a woman could be so emotionally unstable.,1
245,Why did God gave men penises? So they'd have at least one way to shut a woman up,1
246,Women will talk shit about other females but get pissed when a man talk shit about them,1
247,When I say bitches I could be referring to a female or a nigga, shit nowadays yall act the same,1
248,When she says she doesn't suck dick,1
249,She said no that means yes,1
250,"I said, are you a stripper? And she said no, that's called a ""fitness pole""",1
251,Then she said could I have dinner ready for when she gets home,1
252,Rub is back, suck his dick, swallow, fuck him good, make him food,1
253,Being an ugly girl is like being a man...you are going to have to work,1
254,Why did God create the yeast infection? So women could know what it's like living with an irritating cunt too.,1
255,A woman never dress up to impress men. They dress up to irritate other women,1
256,Apparently beer contains female hormones...after you drink enough you can neither drive or shut the hell up,1
257,Did you know? Women have small feet so they can stand closer to the sink,1
258,Every man needs a woman that looks at him like this,1
259,Spiderman is out there fighting crime and I'm just here menstruating,1
260,Women can argue for 3 hours straight but 2 minutes into a BJ and her jaw hurts,1
261,Never let your man leave the house hungry or horny. Because somewhere out there is a whore with sammiches.,1
262,Stop quoting me, girls. I was a whore not a philosopher,1
263,Rohypnol. When traditional dating methods aren't cutting it.,1
264,Roofies for those girls who won't admit that she loves you,1
265,30% of women should have kust shut the fuck up. More importantly why is this bitch out of the kitchen,1
266,GTFO bitch I'm doing science,1
267,What if Zelda was a girl? The stupidity it hurts,1
268,Do you want to know why women don't need watches? Because there are clocks on the stove,1
269,All I care about is that you are happy and a doctor,1
270,36 years ago at the party. Now she remembers Judge Kavanaugh groped her,1
271,And that is how to understand women,1
272,Girls be like...look at my new bracelet,1
273,Perfect woman, sexy and in the kitchen,1
274,Women's sports: Urban dictionary ->fictional a myth, a joke, a novelty. If girls played sports, they'd have to leave the kitchen,1
275,His and hers,1
276,Woman 1950, Woman 2017 thanks feminism huge improvement,1
277,Ladies first,1
278,Ladies first, any questions,1
279,Went to moon took 50 photos went to toilet took 37 photos,1
280,Cheats on you just to make sure you are the one that she wants. You are,1
281,Duct tape helping out with stupidity since 1942,1
282,Wanna hear a dumb blonde joke? Nevermind, I don't feel like explaining it 15 times,1
283,What do you call a dumb blonde with two brain cells? Pregnant,1
284,I hate girls that say guys are all the same! Who told you to try them all? Slut!,1
285,I hate women. I am a woman,1
286,If a woman ever pulls a knife on you, just pull out two slices of bread. Her womanly instincts will kick in and she will make you a sandwich,1
287,Wanna hear a joke? Women's rights,1
288,"""Hi ho what are you doing"" ""Nothing, babe. Just women stuff"" ""You crashed the car again?""",1
289,Women. Men.,1
290,Girls logic: I texted you at 9.54. You should reply at 9.53.,1
291,Don't treat women like objects! 1.Objects are useful and have value 2. Unlike women.,1
292,Fidget spinner for women,1
293,Don't try to understand women. Women understand women and they hate each other.,1
294,Elizabeth and Hillary representing the nasty women of America for decades,1
295,What women did in 1956. What they do now in 2016.,1
296,Left the kitchen too many times,1
297,Why do women need men? Vibrators can't pay for drinks!,1
298,End the pain and suffering of millions, keep modern women out of the kitchen,1
299,When guys see women do yoga,1
300,When you are famous for sucking that dick but you can't say that on TV,1
301,No Ma'am. A gang bang isn't proof you can work as part of a team,1
302,Equal rights and responsibilities complaining feminists equal rights and responsibilities feminists,1
303,When she pull her titty out on facetime but you just wanna hear about how her day went,1
304,Slow internet again:either my son is downloading porn or my daughter is uploading it,1
305,When you leave your white wife for a latina: 40% thicker, cleans 2x better,1
306,Her: I only hang out with guys because it's less drama. Her after 5 beers and 3 shots,1
307,13 years old now vs me when I was 13,1
308,Category: Pets & Animals,1
309,Wo man Fe male Hu man Per son,1
310,Silly women rights are for men,1
311,Cmon Vanessa, DIG DEEP! You wanna work a 9-5 job or post pics of your ass on Instagram?,1
312,Women: my life doesn't revolve around men. Also women: what should I wear today to look sexy?,1
313,Even women know how to park,1
314,The 1950s were better because you could hit women and make a living wage,1
315,The career woman, the happy woman,1
316,"The saying ""no means no"" should be respected. I get tired of telling girls no when they tell me to stop",1
317,Every girl wants to be swept off her feet. Its when you put her in the trunk that she starts to freak out.,1
318,Dumb girl poses duck lips ass out :P peace cute fail from above hi haters lesbo bff obvious chest,1
319,Women are great leaders, you're following one now,1
320,Ponytail angle of attack vs intelligence theoretical zero point retarded below average average above average,1
321,If Snapchat has taught me anything, it's that a lot of you females look better as farm animals,1
322,"Fake tits, fake lips, fake lashes, fake hair, fake nails.. and these bitches are lookin for a ""real"" man",1
323,Girls that look good without makeup, aliens,1
324,How girl's look when they take off make up, lashes, eye brows,1
325,girlfriend boyfriend money,1
326,There's two types of girls,1
327,I'm not saying she's a whore,all i'm saying is she's been on more wieners than Heinz ketchup,1
328,My wife was so sick this morning I had to carry her to the kitchen to make my breakfast,1
329,The girls who don't show attitude are actually the best,1
330,Let's take extra long to look good for the guys we'll be ignoring tonight,1
331,I don't care if the guy has a sexy body or rock hard abs. I just care about his personality -said no women ever,1
332,women's logic Uses tiny pieces of cloth. Hates that men are always staring,1
333,Remember when I raped that girl? Neither does she,1
334,You won't be laughing after you finish that drink,1
335,Hates women loves vagina,1
336,One does not simply talk back to a woman,1
337,Hey I just met you, if you dont date me, you'll go to prison, i'll say you raped me,1
338,It took you 10 minutes to get home. Google maps says it takes 8. Who is she?,1
339,ain't no sandwich when she's gone,1
340,My girlfriend wanted to travel to the moon. I said the moon doesn't need cleaning yet,1
341,No shirt no service. No shirt free beer,1
342,I asked him to see things from my point of view. He looked out the kitchen window,1
343,Would ya look at that, this dryer comes with a free dishwasher,1
344,Subway. Subway is very similar to prostitution...you pay other people to do your wife's job,1
345,What's the difference between your wife and your job? After five years your job will still suck,1
346,Wife material...yep she's got it!,1
347,Wait hold up!! Your legs open faster than google home page and you claim that you are wife material?,1
348,But God, she won't even make me a sandwich...,1
349,Bitch slap. Get that satisfaction look on your face today,1
350,Girls in business school vs engineering school,1
351,Doctor: are you sexually active? Old woman: yes Doctor: that's disgusting,1
352,"So I was having sex with this girl and she kept yelling someone else's name. Who the fuck is ""rape""?",1
353,You're supposed to pull my chair out, hold the door open for me, pay for me and be nice to me no matter what while treating me like an equal,1
354,A real woman shuts her damn mouth when her man is speaking,1
355,You single bitches stay pregnant,1
356,Girls can't find their hair ties but they know what you said 7 months ago at 6.30 pm,1
357,where hell-no means jell-o,1
358,it's not rape if we both cry,1
359,Want to play the rape game?No? that's the spirit!,1
360,Boyfriend dumps me, guess i'll sleep with first ranga I can find,1
361,Blowjobs. If she didn't give head she would be useless,1
362,Says she can't find nice guy. Will only date nice guy - if he drives a bmw,1
363,I'm not saying that girls are stupid. What i'm saying is that girls are a special kind of stupidity,1
364,Will the woman's protest be over in time for them to cook dinner?,1
365,Watch..as the hippo defends its territory,1
366,There was bread and mayo everywhere...you wouldn't know, you weren't there,1
367,Do not disturb. Sandwich maker audition in progress,1
368,Two types of women in life, choose wisely,1
369,How men picture vegan women. real life vegan women,1
370,Men socialize by insulting each other but they dont' really mean it. Women socialize by complimenting each other, they don't mean it either.,1
371,What women think men look for. What men actually look for,1
372,Shout out to all the beautiful women who don't need to dress half naked to get a man's attention...stay classy!!!,1
373,Some women are single because a good man ain't their type,1
374,Madonna Miley Cyrus Lady Gaga. They didn't vote for Trump because he degraded the image of women in society,1
375,National sandwich shortage 1-21-17. Never forget,1
376,Two types of women in this world,1
377,why did she make the titties fake? no more fake titties. please do this for us lovely women and ladies.,1
378,A girl who shows a lot, has little to offer,1
379,Girls be like...it's my first time, honest.,1
380,when yo girl asks if you got anything to drink drinkable sausage tag your girl,1
381,Dayum girl! You seem to have a lovely personality,1
382,How your girl acts when you start to use logic and facts during an argument,1
383,if your girl has any of these, she's a hoe head ear eyes jaw mouth neck teeth throat,1
384,"do this for your girl on valentine's day. it means ""beautiful"" in spanish.",1
385,Girls boys school travel sport shopping going to sea,1
386,Any girl can do this. bout how many can do this?,1
387,Why women cry: sadness, happiness,????,1
388,Being unstable & bitchy is all part of my mystique,1
389,The floor is women rights,1
390,Lol basically. Women, men.,1
391,Stupid slow driver.. o its a woman,1
392,what men play with vs what women play with,1
393,Want free birth control close your legs,1
394,If ABS are made in the kitchen, why don't all women have them?,1
395,Women - good guy. douchebag women,1
396,She burned the bacon only once,1
397,Then: women tried to catch men. Now: women are so full of vile men hate that they drive men away.,1
398,He told me to make him a sandwich. I should have listened,1
399,Joins the mililtary, gets kitchen duty,1
400,Yesterday I swallowed food colouring, I'm okay, but I  feel like I dyed inside. Dyed inside Coral, dyed inside!!!,0
401,01.01.01 02.02.02 03.03.03 04.04.04 05.05.05 06.06.06 07.07.07 08.08.08 09.09.09 10.10.10 11.11.11 12.12.12 I was there,0
402,not now, dad. We should burn Jon Snow. stop it dad. you know what will happen if he becomes a white walker? he'll become SNOW WHITE. SNOW WHITE!,0
403,"You ever hear of the movie ""Constipation""? Nope. That's because it hasn't come out yet.",0
404,Whoever stole my copy of Microsoft Office, I will find you. You have my word.,0
405,A huge 90's problem...I wasn't able to see a movie I wanted to watch in theaters. now i have to wait eight months for it to come out on vhs,0
406,if James Bond is the most famous spy doesn't that make him the worst?,0
407,what if...one day google was deleted and we couldn't google what happened to google,0
408,Talk about how bad Trump is doing. Take credit for how well Trump is doing,0
409,hearing your voice on a recording,0
410,if god created the sun on the fourth day, how had four days passed?,0
411,Ladies and gentlemen,we apologize for the sudden nosedive and loss of aircraft control. Somebody on the ground pointed a laser inside the cockpit,0
412,just heard that in 2015 there will be a new device that can turn thoughts into speech. i have had that for years, its called alcohol,0
413,am i the only one around here who thinks that good grades don't mean that you are a clever person,0
414,closing all browser tabs after completing an assignment,0
415,i told him i needed space, he bought me a 500 gb hard drive,0
416,"what if i told you the words ""vegan"" and ""organic"" are not synonymous with the word ""healthy""",0
417,one not does simply notice that the words are switched,0
418,not sure if i've lost all direction, motivation, and my life is falling apart, or just tired,0
419,"""don't worry, the spider is smaller than you"". yeah...so is a grenade",0
420,all i want for christmas is the feeling i got as a kid during christmas,0
421,how the hell did they find DNA fo an aquatic dinosaur in a mosquito. jurassic world,0
422,we're fif, we have to be fair. ooh loo, a rich country wants to host in 2018,0
423,somebody out there is going to push a door that says pull. today, i'm goind to be better than that guy,0
424,"barked at mailman he said ""how cute""",0
425,"""i love metal"" she said ""my fav metal band is nirvana"" she said",0
426,has a math test at school accidentally packs TV remote instead of calculator,0
427,alright dave, let's talk numbers keep in mind i can only caount to three,0
428,who's this moderation people keep telling me to drink with?,0
429,i'm not anti-social i'm selectively social. there's a difference,0
430,that moment when you raise you hand and someone yells out the answer,0
431,yes i'm tall. no i've never played basketball,0
432,remember the days before whatsapp adn facebook messenger? MSN messenger remembers,0
433,how do you make holy water? boil the hell ou of it,0
434,tell a smoker that smoking is unhealthy and nobody bats an eye, tell a fat person that being fat is unhealthy and everybody loses their minds,0
435,i my client's defense the red light and green light look exaclty the same,0
436,i woke up early there was no worm,0
437,knows everything in australia wants to kill him. picks them up, hugs them and tells them how beautiful they are,0
438,hey good lookin can you tell me how to get to sesame street?,0
439,had to puke and was ont he hardwood flood but made it ot the carpet in time. today was a good day,0
440,look at all the exams i am not goind to pass,0
441,back in my day songs tolad a story and now it's just repeating crap sentences,0
442,said something funny, someone else said it again only louder and people laughed,0
443,doctor cotpus robbed a banck this morning. did he have a gun?. no but he was well armed.,0
444,brace youselves knowledge is coming,0
445,i told a chemistry joke there was no reaction,0
446,2+2 on test use calculator to be sure,0
447,i can't win arguments the reason i'm right is too complex to explain within the attention span of my opponent,0
448,if you look into my resume you'll notice i have caught the red dot,0
449,20 dollars worth of soap, iìm gonna need a signature. 1000 dollar of computer parts: i'll just leave this by your front door without knocking,0
450,you must be the square root of -1 because you can't be real,0
451,that wasn't really an airplane that was just a spoon,0
452,when people talk about my driving.. but did you die?,0
453,legos? you must mean my carpet,0
454,starts to eat food thta is obviously super hot, my tongue:,0
455,what if i told you reading off a power point doesn't make you a teacher,0
456,i don't always kill things but when i do it's beacuse they are thing and i'm a bear,0
457,chemical attacks kill a hundred people in syria and nobody bats an eye. ben affleck becomes batman and everyone loses their minds,0
458,if you wanted to play pc games you shouldn't have bought a mac,0
459,what if at the end of breaking bad they drop walt into witness protection and that's the start of malcom in the middle,0
460,a bicycle is like an acoustic version of a motorcycle,0
461,why the fuck do we translate foreign city names?,0
462,i got 99 problems and my nome is one,0
463,i don't always google why i'm sick but when i do, i have cancer,0
464,if mary gave birth to jesus and jesus is the lamb of god.. did mary have a little lamb?,0
465,this roll is so bad nicolas cage turned it down!,0
466,something just touched my leg,0
467,becomes meme puts picture sideways,0
468,meredith, how do i open a new tab?,0
469,maybe if i quietly draw pandas everyone will forget about the whole nuke thing,0
470,love is in the air? wrong. nitrogeon, oxygen anda carbon dioxide are in the air,0
471,is your body from mcdonalds? because i'm loving it,0
472,you didn't study? you shall not pass!,0
473,did somebody say friday?,0
474,me when i'm awake.. i could eat.,0
475,i be in the 5ft area of the pool like,0
476,coffee is ready,0
477,"""life is  like a box of chocolates"" it doesn't last as long for fat people",0
478,next time they will buy food that i like,0
479,why isn't anyone giving me attention,0
480,no one cares,0
481,students, failure, is this a sign of becoming nex bill gates?,0
482,i don't want to live on thi plante anymore,0
483,me: i don't care me at 3.30 am: ,0
484,united state, taco bell, is this mexican food?,0
485,who would win? steaple of imperial might vs one floaty skycraper,0
486,"ole mcdonald had a farm ""had!""",0
487,i don't always watch CNN only when i need a belly laugh,0
488,a little dirt never hurt but this is worse than traffic on the 290,0
489,walking, running, telereporting, not going to destination,0
490,when people give out broccoli on halloween,0
491,what really grinds my gears kids doing fortnite dances,0
492,i have a pen,0
493,my comments get more views tha my memes,0
494,if you must curse do it in your own name,0
495,say that again i dare you blak ops 4 is better than fortnite,0
496,i'm making a zero with my hand, but i say something related to one,0
497,who's on first base?,0
498,i met this great girl on facebook... her profile photo si ten years old but i'm sure she till looks that good,0
499,today's the day! remember to vote!,0
500,Roses are red weed is green, i'm moving to Colorado if you know what I mean,0
501,Just whitened teeth. Large bottle of red wine for dinner.,0
502,think limber think loose think rubber goose,0
503,to be or not to be, that is the question,0
504,when no one sees your memes, I will,0
505,"long time, no see? why not ""long time, no a?""",0
506,when life gives you lemons make orange juice out of it,0
507,back in my day if they didn't join us we beat'em,0
508,did you hear about the depressed sewer worker, he's been going through some shit,0
509,sometimes when i post stuff to facebook i get 12 responses in like 10 minutes, and i always think, don't you people have lives?,0
510,so if remus had beat romulus, would rome be called ream?,0
511,"fridge full of food, me,""let's eat out tonight""",0
512,what should we do about daylight savings? move clock forward. move clock backwards. move to arizona.,0
513,I'm looking for a girl with personality. I've got multiple!,0
514,gravity, gravity nowhere,0
515,my face when i saw the leader board of imgflip. challenge accepted,0
516,when you are having a bad day so you roast someone and they roast you back better,0
517,"Saw two blind guys fighting in the street. should've seen the look on their faces when i said ""my money is on the one with the knife""",0
518,when your classmates are arguing if the answer is 10 or 12 and your answer is 1000,0
519,Flex seal? You mean my chest hair wax?,0
520,"that face you make when you hear another ""jilted love"" song by Taylor Swift",0
521,when you glue the apple logo to your cheapie phone,0
522,meatlof, black eye peas, red hot chili peppers and korn? I asked what bands do you like not what you had dinner,0
523,who is alarm and why is she calling you at 7.30 every morning,0
524,i'll make my own star wars trilogy with blackjack and hookers,0
525,say ginger one more time motherfucker,0
526,this lamb is so undercooked welsh people are still trying to shag it,0
527,born with hiv cured,0
528,no time to explain. get in the car,0
529,"""excuse me sir,"" ""do you have time to talk about our lord, Poseidon?""",0
530,can february march? no, but april may,0
531,soft kitty, warm kitty, little ball of no.,0
532,i don't think those were biscuits,0
533,the working dead,0
534,i liked titanic. my favourite character was the iceberg,0
535,how i imagine cats see road trips,0
536,one does not simply talk to their pet in a normal voice. no they don't, oh no they don't,0
537,i shouldn't have sold my boat,0
538,i should buy a pancho,0
539,if you want a girlfriend close the internet and go outside,0
540,glad you could make it, mr. Bond,0
541,"""the ball attacked me, i swear""",0
542,take a bath they said, it'll be fun they said,0
543,aparkment,0
544,no i will not play gangnam style,0
545,february is so close i can taste it,0
546,i did the math, we can't afford the cat,0
547,what the fuck are you laughing at?,0
548,we'll make our own country with Romney and Jesus,0
549,what am i doing with my lives?,0
550,visit New York, they said, it's a great city, they said,0
551,moo motherfucker moo,0
552,my friends said onions were the only food that makes you cry, so i made him eat his children,0
553,she said she'd call me maybe...,0
554,i just met you, and this is crazy. but i'm from the future and i'm your baby,0
555,open birthday card, pretend not to notice money as you finish it reading it,0
556,not sure if in shower for 5 minutes or 10,0
557,hi, you may remember me from the alphabet,0
558,that's the sealiest thing i've ever heard,0
559,oh, you studied abroad last year? tell me all about how cultured you are now.,0
560,hey, i just met you, and this is crazy, but i'm your father, so join me baby,0
561,play rock paper scissors gun,0
562,hasn't been played in 15 years, still remembers where you left off,0
563,dog level: Jesus,0
564,your life is bad and you should feel bad,0
565,kevin come on!,0
566,now what did i miss?,0
567,it's my birthday! lets party,0
568,brace yourselfs, half term is nearly here,0
569,"when you catch someone in a lie and they give you this face like ""what""",0
570,my hair is a bird, your argument is invalid,0
571,i'm french and i can't sell cars in the usa,0
572,cool story,0
573,happy birthday Brian, want a balloon?,0
574,when your freind says bazzinga,0
575,"say ""brick"" one more time",0
576,sorry folks, portal's closed,0
577,write me a postcard!,0
578,no parade for you!,0
579,acupuncture is great you should try it. you should flip over and tell me that again,0
580,rich for president,0
581,and then i told them we wont touch your social security,0
582,still waiting on that snap,0
583,it's a shame,0
584,weed is awesome,0
585,hey! i'm peeing over here,0
586,movies today,0
587,space force recruit,0
588,i see you,0
589,oh hi there,0
590,cross-fit,0
591,urinate in the ballot box,0
592,oh really?,0
593,if your single then why dont you date me,0
594,good luck,0
595,i see research papers,0
596,150 songs in a playlist, plays the same 30 songs when on shuffle,0
597,it's okay!...i guess,0
598,when did you become an expert in superamolecular chemistry? last night.,0
599,facebook: exists. old white people: this is the perfect place for me to play out my political agenda,0
600,writing samples deu friday???,0
601,megatron, all hail global domination. vote for megatron,0
602,its paid for!,0
603,no god please nooooooo,0
604,red pill live in the past blue pill live in the future,0
605,i said do your homework,0
606,sen all we got,0
607,great day fr the missions,0
608,thats my nut,0
609,one day you boss calls,0
610,fail. security camera,0
611,thats my nut,0
612,he is who we though he was,0
613,quick, back in the truck. they've dropped us in dewsbury,0
614,hel up help you get 1000 dollars in cash,0
615,hershel has two speeds zero and hershel,0
616,im so happy cause it's my birthday!!,0
617,oh boy rabbit eggs for easter,0
618,what.. no fucking steroids.. bullshit!,0
619,please riot quietly,0
620,when you surf reddit for 2 hours and realize it was on mobile data,0
621,you fool. no man can kill me. i am  no man,0
622,hey man, it's been long, how you doing? listen, i need a favor,0
623,oh lawd he comin,0
624,"when you're telling a story and someone interrupts u like ""oh that happened to me too"" and stat telling their story",0
625,officer: NYPD sir, whats are you doing there. frank: sir i'm not black. officer * laughing*,0
626,i need araise my wife five kids yesterday,0
627,reddit, anything else. surprised pikachu memes,0
628,bank teller: first name. me: robin. bank teller: last name. me: dabank. nak teller: so you're robn dabank? me:,0
629,barin: break it. me: why? brain: you gotta. thing: *snaps in half* me:,0
630,"imagine getting jumped in november and you hear someone yeel ""beat that nigga's meat""",0
631,what is your favorite food? i like bagels because they're empty inside just like me. randy C.,0
632,father of 9 divoces wife after finding out he had been sterile for most of his life. sneak 100,0
633,when you get paid bi-weekly. week one surf and turf. week 2 ice soup,0
634,me: i need another pokey thing for the map to plan the mambush. soldier: you mean a tack?. me: yeah, but like by surprise,0
635,friend: you can't just recreate a meme using only desktop icons. me: *does it anyways*. friend:,0
636,iMac which finally supports windows,0
637,unvaccinated kids, things that never get old, jokes about anti-vaxxers,0
638,when you look something up on Amazon and suddenly it showa up as an ad on every app,0
639,floppy disk 1.4MB. usb drive 64GB. hard drive 5TB. andry of remembering all of my past mistakes 1,000,000 TB,0
640,me friends telling a story vs me telling a story,0
641,things i studied. things on the exam,0
642,when you bet your grandson he can't hold a pillow over grandma's face for more than 2 minutes,0
643,waiter: your steak sir. very rare. me: thanks. wow that is rare. Non-pikachu memes on reddit.,0
644,looks at memes. cry. looks at memes,0
645,the ol' razzle dazzle,0
646,when you can't draw for shit but you need help,0
647,"me whenever i get a random ass sharp pain and i think ""this is finally it"" but then it goes away and i have to continue living this stupid fucking life. wack",0
648,me: opens a package and sets the box aside. my cat:,0
649,pictures of amy shumer me about to fail no nut november,0
650,google: no.1 search engine. me: use google to check spelling. google: am i joke to you?,0
651,college is better because you study what you actually want to. after the first semester: so that was a fucking lie.,0
652,when you and your homies ding dong the wrong house,0
653,i almost too a girl home last night until this guy showed up,0
654,4th graders when they lift 2 chairs at once to help the teacher,0
655,predictor. when you need to know.,0
656,how broke are you. me:,0
657,i used to think actua l jokes were funny now this has me laughing for 30 minutes. juice. ju,0
658,using the wrong image *get 10k upvotes* reddit,0
659,when you get three upvotes on a meme that took you two seconds to steal,0
660,tfw your engineers make new Emojis but you asked for new Emotions,0
661,kid: when i grow up- anti-vaxxer mom: i'm gonna stop you right there.,0
662,this could be us but i hate running nd you don't exist,0
663,"when you win the lottery and your girl saya ""we won""",0
664,you have a math test today. no calculators allowed. show all you work. you friend comes out as a furry. the emo kid starts shooting up the school.,0
665,did you assume my tender? cash or debit?,0
666,i'm going to bed. but it's only 4:30! sorry what? can't hear you!,0
667,oh meme market what should we do to help poor investors? provide templates. the meme market has spoken,0
668,thanos was a terrible soccer player. the entire time i knew thano, he only ever had one goal.,0
669,when you try to discipline your cat,0
670,pentagon hexagon octagon 4everalon,0
671,some say goku is the best. some say it's vegeta. but deep down we all know that israel is not a legitimate state,0
672,me: makes the perfect meme twist. *gets no upvotes and gets OC stolen and reposted for 15.2k karma. me:,0
673,is my son ok? you won't be needing that one anymore.,0
674,when i get honked at by croos traffic because i'm in the center of the intersection (not moving) waiting for the cars in front of me to proceed,0
675,you may think you're hipster but you'll never be car-seat replaced-with-vintage rocking-chair hipster,0
676,interviewer: how would you describe yourself? me: verbally, but i've also prepared a dance,0
677,on facetime with you bet friend like,0
678,you fuck you earth! well, fuck you too...,0
679,discovering new places with your friends.justageofempirestthings,0
680,abbey road. babcia road,0
681,game: this is a stealth mission, please try to not be discovered. me:,0
682,believe in something. even if it means sacrificing half of everything. just do it.,0
683,VLC media planner has encoutntered a prblem with windows,0
684,happy birthday to my twin sis @ beyonce (no we ain's related, we just loo alike) #HappyBirthdaybeyoncè,0
685,the relationship between you degree and the field of your work...,0
686,sitting. few minutes later... then... now...,0
687,there may have been a mixcommunication with the decorator.. happy birthday dick ha ha ha don't write that his name is matt,0
688,i think i've found the shortest work zone ever.. work zone begins. end road work,0
689,me: i need to do so much when i get home! me 5 mins after getting home: lol true,0
690,me trying to fit the fact that i voted into every conversation. voters are the new vegans,0
691,me in class taking a picture of the board that i know i will never look at again. cuz my friend distract me trunna always go out,0
692,when you're super drunk and the microwave goes off while everybody is asleep,0
693,just putin on my glasses,0
694,"here come the ""i voted"" stickers just like getting participation trophies",0
695,me when i haven't gotten any attention in 12 minutes. tag a drama queen lol,0
696,you will graduated. you will get that degree. you will get the hell put of that school. thanks human. one day mirror one day,0
697,my RAM watching me open the 113th tab on chrome,0
698,when the new university batch comes in all innocent and motivated but you've been there for 3 years you know university life sucks,0
699,go slow accident porn area,0
700,hello from the other side i must've meowed a thousands time,0
701,1. make plans 2. cancel plans 3. feel relief 4. see pics of friends having fun at thing 5. feel bad 6. vow not to miss next thing 7. repeat,0
702,in a parallel universe. if you wanna be my lover you gotta get a phd,0
703,that moment when you download windows 10 to your windows 98 computer. that's too much power for one man to have.,0
704,jeff, i think you should play the role of my father. i don't want to be you father. that's perfect, you already know your lines.,0
705,even i don't know the viridian leader's identity. viridian pokemon gym leader: giovanni ,0
706,all the big tech companies are ditching their bomb emojis for water ballons,0
707,just peeked outside to see if it was hot,0
708,shhh quiet! i think they understand mandarin,0
709,me trying to figure out which days to wash my hair so it can line up with my plans,0
710,you were my brother anakin. i loved you,0
711,how doctors listen to music,0
712,if you see a mouse put this much effort he deserves to live in you house,0
713,"""we're only going away for a day. pack light"" Me: ",0
714,this seems like a good spot. a good spot for wha-,0
715,when you're an asshole but a smart asshole,0
716,when she texts you back after 4 hours and you text her back 11 hours later,0
717,when you can't reach the last pringle,0
718,her: i like gym boys. me: (trying to impress her),0
719,cat logic,0
720,if it looks stupid but works it ain't stupid,0
721,normal gamers use that. pro ganers use this. but only legends use this,0
722,main account vs private account,0
723,choose your fighter,0
724,front back,0
725,when u have nice hat and someone mentions it and you feel nice,0
726,cats are like tattoos. you start off with one and end uo with fifteen!,0
727,when the selfi comes out better than expected so u have to show it off,0
728,only pack essentials when going on vacation,0
729,when you writing idea you thought was original turns out to be a copy of something else,0
730,never went to the dentist turned out just fine,0
731,happy birthday girrrlll!,0
732,so, you're religious? tell me more about you imaginary friend,0
733,before you judge me, please understand that i don't give a fuck whats you think about me,0
734,when teachers send the test in advance,0
735,i lost my balls to anabolic steroids. u can do it too,0
736,wtf did i just read,0
737,my son does not watch porn he is under 18,0
738,the white guy was not a threat. the black guy i had to kill,0
739,trump voter,0
740,"when people ad how wedding planning is going """"""""i'm fine""""""""""""",0
741,excited feeling about school starting aaaaaand it's gone,0
742,love? ain't nobody got time for that,0
743,my only son left africa to be president in the USA,0
744,got ricked out of the party started my own party,0
745,jews complining about energy costs?free gas,0
746,wait, hold up let me get this straight,0
747,me... watching the ocean as i ride away from it,0
748,thinks religion is nonsense but crystals bring us healing energy,0
749,distractions, distractions everywhere,0
750,you only had one job!!!,0
751,cyberbullying?here's one quick solution,0
752,friends with benefits? what like healthcare and dental,0
753,just use your imagination,0
754,apply cold water to the burned area,0
755,my face when i open the refrigerator... and someone drank my last beer!,0
756,assassination? funny you should mention that...,0
757,finally get a girlfriend and a good relationship panic mode enabled, sabotage sequence initiated,0
758,so he left the bacon completely unguarded on the counter?,0
759,happy easter i'm baaaaaack!,0
760,FFS stop changin your minds,0
761,company clerk be like yeah i work hard as fuck,0
762,wife asks if she looks fat. yes,0
763,scan one more time and i will scan with this hammer,0
764,when office meetings go on forever,0
765,got money retarded,0
766,you know what really grind my gears? two faced family members.,0
767,finish morning workout clear browser hostory,0
768,fuck it! that's enough internet for today,0
769,according to my calculations you're not an idiot,0
770,yah... thats was funny really funny,0
771,sorry i'm late i was reading the replies,0
772,when you miss bae,0
773,i won the nigerian lottery for 1million!yes!!,0
774,i can't stop saying bro bro!,0
775,please tell me the calendar is wrong.. it can't be monday again,0
776,women judge and objectify other women more than men do. but that's non of my business,0
777,you're stuck with me.. forever,0
778,when you beard gets weird and you feel like castaway,0
779,what has 42 teeth and holds back the hulk.. my zipper,0
780,what do you have when two cells replicate indefinitely? cancer. you have cancer.,0
781,hilary for president ahahahah,0
782,the rolling stones are another name for rock n roll,0
783,internet is down me too,0
784,my code works i have no idea why,0
785,my wife says that she got fat because it runs in her family. nobody runs in her family,0
786,no, patrick chicken nuggets is not ad exercise,0
787,mcdonalds, her family, exsircise,0
788,cant' hate comments if you don't get a meme to the front page,0
789,you were the chosen one! you were meant to destroy the downvoters, not join them!,0
790,you don't post in politcs do you?,0
791,chuck norris doesn't find his missing car keys. they find him,0
792,if florida can just sink into the ocean. that'd be great,0
793,what if i told you raydong isn't an actual dog,0
794,"find a picture of 4 girls together on FB make a comemnt that ""you three look pretty""",0
795,waiting for hair to grow back after age 50,0
796,is it crezy how saying sentences backword creates sentences saying how crazy is it?,0
797,french fries are my shovel for salt,0
798,nobody's gonna upvote this meme , dummy. and why the heck not? first of all, they don't like idiots with tempers! who the neck has a temper? think about wahts you just did, idiot!,0
799,when you see your friend gurt,0
